{"cameraMode":{"drawMode":0,"name":"Shaded","section":"Shading Mode"},"sceneLighting":true,"audioPlay":false,"sceneViewState":{"showFog":true,"showMaterialUpdate":false,"showSkybox":true,"showFlares":true,"showImageEffects":true,"showParticleSystems":true,"showVisualEffectGraphs":true,"m_FxEnabled":true},"in2DMode":false,"pivot":{"x":-0.11119842529296875,"y":-0.8804690837860107,"z":-1.5498486757278443},"rotation":{"x":-0.06997759640216828,"y":-0.23126910626888276,"z":-0.016680143773555757,"w":0.9702311754226685},"size":5.99807071685791,"orthographic":true}